epoch,accuracy,loss,val_accuracy,val_loss
0,0.022575607523322105,5.903600692749023,0.004000000189989805,6.056224822998047
